[
	{
		"Season": "Pre season",
		"End": "2016-06-13"
	},
	{
		"Season": "1",
		"Start": "2016-06-14",
		"End": "2016-09-12"
	},
	{
		"Season": "2",
		"Start": "2016-09-13",
		"End": "2016-12-13"
	},
	{
		"Season": "3",
		"Start": "2016-12-14",
		"End": "2017-03-15"
	},
	{
		"Season": "4",
		"Start": "2017-03-16",
		"End": "2017-06-13"
	},
	{
		"Season": "5",
		"Start": "2017-06-14",
		"End": "2017-09-05"
	},
	{
		"Season": "6",
		"Start": "2017-09-06",
		"End": "2017-12-12"
	},
	{
		"Season": "7",
		"Start": "2017-12-13"
	}
]